"cyear","Participants","Person hours","Species","Total checklists","Unique checklists"
2014,1,2.75,10,1,1
2016,1,1.5,13,1,1
2017,1,2.5,44,1,1
2018,1,2.75,46,2,2
2019,1,1.08333333333333,26,1,1
2020,5,29.4666666666667,74,14,4
2021,3,18.1333333333333,76,13,11
